{
    "Train_loss": 0.29422512709655846,
    "Train_acc": 87.39859599366345,
    "Val_loss": 0.3379645771470613,
    "Val_acc": 84.73978087061124
}